[
  {
    "avatar": "./img/author/author-3.jpg",
    "username": "Lank",
    "sales": 3.2,
    "volume": "15,225.87",
    "24h": 87.54,
    "7d": 309.49,
    "floor_price": 5.9,
    "owners": 2.8,
    "assets": 58.5
  },
  {
    "avatar": "./img/author/author-3.jpg",
    "username": "Lukass",
    "sales": 2.8,
    "volume": "14,304.78",
    "24h": 35.11,
    "7d": 239.83,
    "floor_price": 2.9,
    "owners": 2.3,
    "assets": 28.4
  },
  {
    "avatar": "./img/author/author-3.jpg",
    "username": "Nicholas Daniels",
    "sales": 2.5,
    "volume": "13,225.87",
    "24h": -33.56,
    "7d": 307.97,
    "floor_price": 4.5,
    "owners": 2.2,
    "assets": 58.5
  },
  {
    "avatar": "./img/author/author-4.jpg",
    "username": "Lori Hart",
    "sales": 2.2,
    "volume": "15,225.87",
    "24h": 35.11,
    "7d": 239.83,
    "floor_price": 2.9,
    "owners": 2.3,
    "assets": 28.4
  },
  {
    "avatar": "./img/author/author-5.jpg",
    "username": "Jimmy Wright",
    "sales": 1.9,
    "volume": "15,225.87",
    "24h": 35.11,
    "7d": 239.83,
    "floor_price": 2.9,
    "owners": 2.3,
    "assets": 28.4
  },
  {
    "avatar": "./img/author/author-6.jpg",
    "username": "Karla Sharp",
    "sales": 1.6,
    "volume": "15,225.87",
    "24h": 35.11,
    "7d": -29.82,
    "floor_price": 2.9,
    "owners": 2.3,
    "assets": 28.4
  },
  {
    "avatar": "./img/author/author-7.jpg",
    "username": "Crypto_Knight",
    "sales": 1.5,
    "volume": "15,225.87",
    "24h": 35.11,
    "7d": 239.83,
    "floor_price": 2.9,
    "owners": 2.3,
    "assets": 28.4
  },
  {
    "avatar": "./img/author/author-8.jpg",
    "username": "Claude Banks",
    "sales": 1.3,
    "volume": "15,225.87",
    "24h": 35.11,
    "7d": 239.83,
    "floor_price": 2.9,
    "owners": 2.3,
    "assets": 28.4
  },
  {
    "avatar": "./img/author/author-9.jpg",
    "username": "Franklin Greer",
    "sales": 0.9,
    "volume": "15,225.87",
    "24h": 35.11,
    "7d": 239.83,
    "floor_price": 2.9,
    "owners": 2.3,
    "assets": 28.4
  },
  {
    "avatar": "./img/author/author-10.jpg",
    "username": "Stacy Long",
    "sales": 0.8,
    "volume": "15,225.87",
    "24h": -35.11,
    "7d": 239.83,
    "floor_price": 2.9,
    "owners": 2.3,
    "assets": 28.4
  },
  {
    "avatar": "./img/author/author-13.jpg",
    "username": "Ida Chapman",
    "sales": 0.6,
    "volume": "15,225.87",
    "24h": 35.11,
    "7d": 239.83,
    "floor_price": 2.9,
    "owners": 2.3,
    "assets": 28.4
  },
  {
    "avatar": "./img/author/author-13.jpg",
    "username": "Fred Ryan",
    "sales": 0.5,
    "volume": "15,225.87",
    "24h": 35.11,
    "7d": 239.83,
    "floor_price": 2.9,
    "owners": 2.3,
    "assets": 28.4
  }
]
