[
  {
    "avatar": "./img/author/author-3.jpg",
    "username": "Lank",
    "sales": 3.2
  },
  {
    "avatar": "./img/author/author-3.jpg",
    "username": "Lukass",
    "sales": 2.8
  },
  {
    "avatar": "./img/author/author-3.jpg",
    "username": "Nicholas Daniels",
    "sales": 2.5
  },
  {
    "avatar": "./img/author/author-4.jpg",
    "username": "Lori Hart",
    "sales": 2.2
  },
  {
    "avatar": "./img/author/author-5.jpg",
    "username": "Jimmy Wright",
    "sales": 1.9
  },
  {
    "avatar": "./img/author/author-6.jpg",
    "username": "Karla Sharp",
    "sales": 1.6
  },
  {
    "avatar": "./img/author/author-7.jpg",
    "username": "Crypto_Knight",
    "sales": 1.5
  },
  {
    "avatar": "./img/author/author-8.jpg",
    "username": "Claude Banks",
    "sales": 1.3
  },
  {
    "avatar": "./img/author/author-9.jpg",
    "username": "Franklin Greer",
    "sales": 0.9
  },
  {
    "avatar": "./img/author/author-10.jpg",
    "username": "Stacy Long",
    "sales": 0.8
  },
  {
    "avatar": "./img/author/author-13.jpg",
    "username": "Ida Chapman",
    "sales": 0.6
  },
  {
    "avatar": "./img/author/author-13.jpg",
    "username": "Fred Ryan",
    "sales": 0.5
  }
]
