[
  {
    "category": "art",
    "status": "on_auction",
    "item_type": "single_items",
    "collections": "abstraction",
    "deadline": "December, 30, 2021",
    "authorLink": "#",
    "nftLink": "#",
    "bidLink": "#",
    "authorImg": "./img/author/author-3.jpg",
    "previewImg": "./img/items/static-3.jpg",
    "title": "Pinky Ocean",
    "price": "0.08 ETH",
    "bid": "1/20",
    "likes": 50
  },
  {
    "category": "virtual_world",
    "status": "buy_now",
    "item_type": "single_items",
    "collections": "cartoonism",
    "deadline": "",
    "authorLink": "#",
    "nftLink": "#",
    "bidLink": "#",
    "authorImg": "./img/author/author-10.jpg",
    "previewImg": "./img/items/static-3.jpg",
    "title": "CryptoKnight",
    "price": "0.06 ETH",
    "bid": "1/22",
    "likes": 80
  },
  {
    "category": "art",
    "status": "buy_now",
    "item_type": "single_items",
    "collections": "abstraction",
    "deadline": "",
    "authorLink": "#",
    "nftLink": "#",
    "bidLink": "#",
    "authorImg": "./img/author/author-13.jpg",
    "previewImg": "./img/items/static-3.jpg",
    "title": "Rainbow Style",
    "price": "0.05 ETH",
    "bid": "1/11",
    "likes": 97
  },
  {
    "category": "collectibles",
    "status": "on_auction",
    "item_type": "bundles",
    "collections": "abstraction",
    "deadline": "January, 1, 2022",
    "authorLink": "#",
    "nftLink": "#",
    "bidLink": "#",
    "authorImg": "./img/author/author-13.jpg",
    "previewImg": "./img/items/static-4.jpg",
    "title": "Timor",
    "price": "0.08 ETH",
    "bid": "1/20",
    "likes": 50
  },
  {
    "category": "art",
    "status": "buy_now",
    "item_type": "bundles",
    "collections": "abstraction",
    "deadline": "",
    "authorLink": "#",
    "nftLink": "#",
    "bidLink": "#",
    "authorImg": "./img/author/author-9.jpg",
    "previewImg": "./img/items/anim-4.webp",
    "title": "The Truth",
    "price": "0.08 ETH",
    "bid": "1/20",
    "likes": 50
  },
  {
    "category": "music",
    "status": "on_auction",
    "item_type": "single_items",
    "collections": "abstraction",
    "deadline": "January, 15, 2022",
    "authorLink": "#",
    "nftLink": "#",
    "bidLink": "#",
    "authorImg": "./img/author/author-3.jpg",
    "previewImg": "./img/items/anim-2.webp",
    "title": "Running Puppets",
    "price": "0.08 ETH",
    "bid": "1/20",
    "likes": 50
  },
  {
    "category": "art",
    "status": "has_offers",
    "item_type": "single_items",
    "collections": "abstraction",
    "deadline": "",
    "authorLink": "#",
    "nftLink": "#",
    "bidLink": "#",
    "authorImg": "./img/author/author-3.jpg",
    "previewImg": "./img/items/anim-1.webp",
    "title": "USA Wordmation",
    "price": "0.08 ETH",
    "priceover": "0.04 ETH",
    "bid": "1/20",
    "likes": 50
  },
  {
    "category": "music",
    "status": "buy_now",
    "item_type": "bundles",
    "collections": "cartoonism",
    "deadline": "",
    "authorLink": "#",
    "nftLink": "#",
    "bidLink": "#",
    "authorImg": "./img/author/author-4.jpg",
    "previewImg": "./img/items/anim-5.webp",
    "title": "Loop Donut",
    "price": "0.08 ETH",
    "bid": "1/20",
    "likes": 50
  },
  {
    "category": "art",
    "status": "on_auction",
    "item_type": "single_items",
    "collections": "abstraction",
    "deadline": "January, 3, 2022",
    "authorLink": "#",
    "nftLink": "#",
    "bidLink": "#",
    "authorImg": "./img/author/author-5.jpg",
    "previewImg": "./img/items/anim-3.webp",
    "title": "Lady Copter",
    "price": "0.08 ETH",
    "bid": "1/20",
    "likes": 50
  },
  {
    "category": "virtual_world",
    "status": "has_offers",
    "item_type": "single_items",
    "collections": "abstraction",
    "deadline": "",
    "authorLink": "#",
    "nftLink": "#",
    "bidLink": "#",
    "authorImg": "./img/author/author-7.jpg",
    "previewImg": "./img/items/static-5.jpg",
    "title": "LJ",
    "price": "0.08 ETH",
    "priceover": "0.04 ETH",
    "bid": "1/20",
    "likes": 50
  },
  {
    "category": "art",
    "status": "buy_now",
    "item_type": "single_items",
    "collections": "abstraction",
    "deadline": "",
    "authorLink": "#",
    "nftLink": "#",
    "bidLink": "#",
    "authorImg": "./img/author/author-6.jpg",
    "previewImg": "./img/items/anim-6.webp",
    "title": "Oh Yeah!",
    "price": "0.08 ETH",
    "bid": "1/20",
    "likes": 50
  },
  {
    "category": "art",
    "status": "on_auction",
    "item_type": "single_items",
    "collections": "abstraction",
    "deadline": "January, 10, 2022",
    "authorLink": "#",
    "nftLink": "#",
    "bidLink": "#",
    "authorImg": "./img/author/author-8.jpg",
    "previewImg": "./img/items/anim-7.webp",
    "title": "This is Our Story",
    "price": "0.08 ETH",
    "bid": "1/20",
    "likes": 50
  },
  {
    "category": "art",
    "status": "has_offers",
    "item_type": "single_items",
    "collections": "abstraction",
    "deadline": "",
    "authorLink": "#",
    "nftLink": "#",
    "bidLink": "#",
    "authorImg": "./img/author/author-9.jpg",
    "previewImg": "./img/items/static-6.jpg",
    "title": "Pixel World",
    "price": "0.08 ETH",
    "priceover": "0.04 ETH",
    "bid": "1/20",
    "likes": 50
  },
  {
    "category": "collectibles",
    "status": "on_auction",
    "item_type": "single_items",
    "collections": "cartoonism",
    "deadline": "January, 10, 2022",
    "authorLink": "#",
    "nftLink": "#",
    "bidLink": "#",
    "authorImg": "./img/author/author-13.jpg",
    "previewImg": "./img/items/anim-8.webp",
    "title": "I Believe I Can Fly",
    "price": "0.08 ETH",
    "bid": "1/20",
    "likes": 50
  }
]
