{
  "family": "prod-nftop-api",
  "executionRoleArn": "arn:aws:iam::873931742302:role/ecsTaskExecutionRole",
  "networkMode": "awsvpc",
  "containerDefinitions": [
    {
      "name": "prod-nftop-api",
      "image": "REPOSITORY_URL/REPOSITORY_IMAGE:REPOSITORY_TAG",
      "portMappings": [
        {
          "containerPort": 3033,
          "hostPort": 3033,
          "protocol": "tcp"
        }
      ],
      "logConfiguration": {
        "logDriver": "awslogs",
        "options": {
          "awslogs-group": "/ecs/prod-nftop-cluster",
          "awslogs-region": "us-east-1",
          "awslogs-stream-prefix": "ecs"
        }
      },
      "essential": true
    }
  ],
  "requiresCompatibilities": [
    "FARGATE"
  ],
  "cpu": "1024",
  "memory": "2048"
}
